,n_draws,n_total,n_wins,n_wins_base,standard_error,win_rate
GPT-4,16.0,805.0,625.0,164.0,1.4240432437659594,78.63354037267081
ChatGPT,11.0,805.0,497.0,297.0,1.6955911057735351,62.422360248447205
"AlpacaFarm PPO sim (gpt4 greedy 20k, step 350)",18.0,804.0,460.0,326.0,1.719634401144986,58.333333333333336
"AlpacaFarm PPO human (10k, step 40)",7.0,805.0,450.0,348.0,1.7414051658710634,56.33540372670808
Davinci003,805.0,805.0,0.0,0.0,0.0,50.0
Alpaca 7B,19.0,804.0,359.0,426.0,1.7372769258051646,45.83333333333333
Davinci001,20.0,805.0,187.0,598.0,1.4905222763657475,24.472049689441
