,win_rate,standard_error,n_wins,n_wins_base,n_draws,n_total
GPT-4,78.63354037267081,1.4240432437659594,625.0,164.0,16.0,805.0
ChatGPT,62.422360248447205,1.6955911057735351,497.0,297.0,11.0,805.0
Davinci001,24.472049689441,1.4905222763657475,187.0,598.0,20.0,805.0
