,win_rate,standard_error,n_wins,n_wins_base,n_draws,n_total
GPT-4,92.17391304347828,0.9140090041737162,734.0,55.0,16.0,805.0
ChatGPT,65.90062111801242,1.6590655365146014,525.0,269.0,11.0,805.0
Davinci003,50.0,0.0,0.0,0.0,805.0,805.0
"AlpacaFarm PPO sim (gpt4 greedy 20k, step 350)",49.50248756218906,1.744510098019718,389.0,397.0,18.0,804.0
"AlpacaFarm PPO human (10k, step 40)",46.64596273291926,1.7516911883586803,372.0,426.0,7.0,805.0
Alpaca 7B,36.87810945273632,1.6808704627135589,287.0,498.0,19.0,804.0
Davinci001,19.751552795031056,1.3762916323479943,149.0,636.0,20.0,805.0
