,n_draws,n_total,n_wins,n_wins_base,standard_error,win_rate
GPT-4,16.0,805.0,734.0,55.0,0.9140090041737162,92.17391304347828
ChatGPT,11.0,805.0,525.0,269.0,1.6590655365146014,65.90062111801242
Davinci003,805.0,805.0,0.0,0.0,0.0,50.0
"AlpacaFarm PPO sim (gpt4 greedy 20k, step 350)",18.0,804.0,389.0,397.0,1.744510098019718,49.50248756218906
"AlpacaFarm PPO human (10k, step 40)",7.0,805.0,372.0,426.0,1.7516911883586803,46.64596273291926
Alpaca,19.0,804.0,287.0,498.0,1.6808704627135589,36.87810945273632
Davinci001,20.0,805.0,149.0,636.0,1.3762916323479943,19.751552795031056
