,np.tanh(std_delta_len),instruction_difficulty,not_gamed_baseline.astype(float)
example,-1.8366974044802464,0.7446564086794187,-7.2597105854399295
alpaca-7b,-2.0363872642642287,0.6670821725738427,-3.1091112054451351
alpaca-7b_verbose,-1.9091605088312489,0.4169695133290818,-2.5506049655549607
Meta-Llama-3-8B-Instruct,-0.9198355035046503,0.0666329418680440,-0.0195198240551924
