,n_draws,n_total,n_wins,n_wins_base,standard_error,win_rate
GPT4,17.0,805.0,639.0,149.0,1.3753918376580683,80.43478260869566
ChatGPT,9.0,804.0,489.0,306.0,1.707975918938111,61.38059701492538
rlhf_llama_7b_regen_v7_3ep_v12_ckpt_20,9.0,803.0,370.0,424.0,1.751619984513092,46.63760896637609
sft_llama_7b_regen_v7_3ep,16.0,804.0,320.0,468.0,1.7163543811890174,40.79601990049751
Davinci001,0.0,805.0,201.0,604.0,1.5264851835334794,24.96894409937888
LLaMA 7B,0.0,786.0,94.0,692.0,1.1581361013229674,11.959287531806616