,np.tanh(std_delta_len),instruction_difficulty,not_gamed_baseline.astype(float)
claude-3-opus-20240229,-2.0571176276246930,0.4140410305161458,-0.0829840667867350
claude-3-sonnet-20240229,-1.7147560995207318,0.5139953704710418,-0.3768694190784533
gpt4_0314,-1.4263982884314901,0.4406533506929543,-0.7282625037781344
mistral-large-2402,-1.9711814295725267,0.6055784833366264,-0.8038862978544994
Qwen1.5-72B-Chat,-1.3526380781083829,0.3808449721968798,-0.4047090731005363
Contextual-KTO-Mistral-PairRM,-0.8587718331522489,0.2089599247951523,-0.6316904701399945
gemma-7b-it,-1.3489432595955764,0.5896138358877850,-2.3050012248259386
